graph_id,num_nodes,num_edges,density,avg_degree,min_degree,max_degree,avg_clustering,num_components,avg_degree_centrality,max_degree_centrality,diameter,avg_shortest_path
enzyme_mimicB1-501-379-09EN379d_B1-501-379-09-enzyme_mimicB1-501-379-09EN379d-ranked_0,284,1325,0.03297168168018713,9.330985915492958,2,19,0.5615771974092949,1,0.03297168168018713,0.06713780918727916,11,5.189269894988304
enzyme_mimicB1-501-379-09EN379g_B1-501-379-09-enzyme_mimicB1-501-379-09EN379g-ranked_0,284,1382,0.03439008609963669,9.732394366197184,2,18,0.5496337743541555,1,0.03439008609963668,0.0636042402826855,10,4.829866122530235
enzyme_mimicB1-501-379-09EN379a_B1-501-379-09-enzyme_mimicB1-501-379-09EN379a-ranked_0,284,1387,0.03451450753993928,9.767605633802816,4,16,0.5393599065253996,1,0.03451450753993928,0.05653710247349823,10,4.80182152988603
enzyme_mimicB1-501-379-09EN379f_B1-501-379-09-enzyme_mimicB1-501-379-09EN379f-ranked_0,284,1374,0.03419101179515254,9.67605633802817,2,19,0.5466428190251393,1,0.03419101179515255,0.06713780918727916,11,4.863882944308964
enzyme_mimicB1-501-379-09EN379b_B1-501-379-09-enzyme_mimicB1-501-379-09EN379b-ranked_0,284,1383,0.03441497038769721,9.73943661971831,2,17,0.5427288903676641,1,0.034414970387697204,0.06007067137809187,11,4.81048126213109
enzyme_mimicB1-501-379-09EN379e_B1-501-379-09-enzyme_mimicB1-501-379-09EN379e-ranked_0,284,1368,0.034041706066789426,9.633802816901408,2,19,0.5493275179848566,1,0.034041706066789426,0.06713780918727916,11,4.845841835465087
enzyme_mimicB1-501-379-09EN379h_B1-501-379-09-enzyme_mimicB1-501-379-09EN379h-ranked_0,284,1351,0.03361867316976061,9.514084507042254,2,18,0.5462204761086284,1,0.03361867316976062,0.0636042402826855,11,4.906360424028269
enzyme_mimicB1-501-379-09EN379c_B1-501-379-09-enzyme_mimicB1-501-379-09EN379c-ranked_0,284,1389,0.03456427611606032,9.78169014084507,2,18,0.5532607070044931,1,0.03456427611606032,0.0636042402826855,11,4.851540337430946
enzyme_mimicB1-501-379-09EN379i_B1-501-379-09-enzyme_mimicB1-501-379-09EN379i-ranked_0,284,1350,0.033593788881700094,9.507042253521126,3,19,0.5476858364228638,1,0.033593788881700094,0.06713780918727916,10,4.879659582939332
