graph_id,num_nodes,num_edges,density,avg_degree,min_degree,max_degree,avg_clustering,num_components,avg_degree_centrality,max_degree_centrality,diameter,avg_shortest_path
enzyme_mimicB1-501-379-08EN379i_B1-501-379-08-enzyme_mimicB1-501-379-08EN379i-ranked_0,284,1362,0.03389240033842632,9.591549295774648,2,19,0.5543152069699511,1,0.03389240033842632,0.06713780918727916,10,4.869233066241975
enzyme_mimicB1-501-379-08EN379f_B1-501-379-08-enzyme_mimicB1-501-379-08EN379f-ranked_0,284,1372,0.0341412432190315,9.661971830985916,2,19,0.5446955132833562,1,0.0341412432190315,0.06713780918727916,10,4.807967949036978
enzyme_mimicB1-501-379-08EN379e_B1-501-379-08-enzyme_mimicB1-501-379-08EN379e-ranked_0,284,1380,0.03434031752351565,9.71830985915493,2,19,0.5433296487920282,1,0.03434031752351565,0.06713780918727916,10,4.79512765639775
enzyme_mimicB1-501-379-08EN379g_B1-501-379-08-enzyme_mimicB1-501-379-08EN379g-ranked_0,284,1390,0.034589160404120835,9.788732394366198,2,18,0.552425167348531,1,0.034589160404120835,0.0636042402826855,10,4.830985915492958
enzyme_mimicB1-501-379-08EN379h_B1-501-379-08-enzyme_mimicB1-501-379-08EN379h-ranked_0,284,1345,0.0334693674413975,9.471830985915492,2,17,0.546310159048353,1,0.0334693674413975,0.06007067137809187,11,4.909893992932862
enzyme_mimicB1-501-379-08EN379c_B1-501-379-08-enzyme_mimicB1-501-379-08EN379c-ranked_0,284,1373,0.03416612750709202,9.669014084507042,2,19,0.5651140094153437,1,0.03416612750709202,0.06713780918727916,13,5.326904892251033
enzyme_mimicB1-501-379-08EN379b_B1-501-379-08-enzyme_mimicB1-501-379-08EN379b-ranked_0,284,1390,0.034589160404120835,9.788732394366198,2,16,0.5480758091673584,1,0.03458916040412084,0.05653710247349823,10,4.804608570148808
enzyme_mimicB1-501-379-08EN379d_B1-501-379-08-enzyme_mimicB1-501-379-08EN379d-ranked_0,284,1330,0.033096103120489724,9.366197183098592,2,19,0.5607772966881565,1,0.03309610312048972,0.06713780918727916,12,5.151022744239287
enzyme_mimicB1-501-379-08EN379a_B1-501-379-08-enzyme_mimicB1-501-379-08EN379a-ranked_0,284,1329,0.0330712188324292,9.359154929577464,2,16,0.5544665917025067,1,0.0330712188324292,0.05653710247349823,13,5.205668640820186
