graph_id,num_nodes,num_edges,density,avg_degree,min_degree,max_degree,avg_clustering,num_components,avg_degree_centrality,max_degree_centrality,diameter,avg_shortest_path
enzyme_mimicB1-501-379-02EN379f_B1-501-379-02-enzyme_mimicB1-501-379-02EN379f-ranked_0,284,1375,0.03421589608321306,9.683098591549296,2,19,0.5454114053724877,1,0.03421589608321306,0.06713780918727916,10,4.8253122978151595
enzyme_mimicB1-501-379-02EN379a_B1-501-379-02-enzyme_mimicB1-501-379-02EN379a-ranked_0,284,1234,0.03070721146667994,8.690140845070422,2,16,0.5813661201865428,1,0.030707211466679943,0.05653710247349823,15,6.2197780321505
enzyme_mimicB1-501-379-02EN379d_B1-501-379-02-enzyme_mimicB1-501-379-02EN379d-ranked_0,284,1334,0.033195640272731794,9.394366197183098,2,19,0.5638112505236298,1,0.0331956402727318,0.06713780918727916,19,5.898895137610113
enzyme_mimicB1-501-379-02EN379b_B1-501-379-02-enzyme_mimicB1-501-379-02EN379b-ranked_0,284,1392,0.03463892898024187,9.80281690140845,2,16,0.545471332267107,1,0.03463892898024188,0.05653710247349823,11,4.809535659184791
enzyme_mimicB1-501-379-02EN379e_B1-501-379-02-enzyme_mimicB1-501-379-02EN379e-ranked_0,284,1376,0.03424078037127358,9.690140845070422,3,19,0.54718553829006,1,0.03424078037127358,0.06713780918727916,10,4.86900910764943
enzyme_mimicB1-501-379-02EN379c_B1-501-379-02-enzyme_mimicB1-501-379-02EN379c-ranked_0,284,1336,0.03324540884885283,9.408450704225352,2,19,0.5565293598790635,1,0.03324540884885283,0.06713780918727916,13,5.05902553127955
enzyme_mimicB1-501-379-02EN379i_B1-501-379-02-enzyme_mimicB1-501-379-02EN379i-ranked_0,284,1368,0.034041706066789426,9.633802816901408,2,19,0.552624995772698,1,0.03404170606678943,0.06713780918727916,10,4.922137062658638
enzyme_mimicB1-501-379-02EN379h_B1-501-379-02-enzyme_mimicB1-501-379-02EN379h-ranked_0,284,1359,0.033817747474244764,9.570422535211268,2,17,0.5510980745757048,1,0.033817747474244764,0.06007067137809187,11,4.901358682128104
enzyme_mimicB1-501-379-02EN379g_B1-501-379-02-enzyme_mimicB1-501-379-02EN379g-ranked_0,284,1386,0.034489623251878765,9.76056338028169,2,18,0.5451213502735871,1,0.03448962325187876,0.0636042402826855,10,4.786816304185537
