graph_id,num_nodes,num_edges,density,avg_degree,min_degree,max_degree,avg_clustering,num_components,avg_degree_centrality,max_degree_centrality,diameter,avg_shortest_path
enzyme_mimicB1-501-379-01EN379e_B1-501-379-01-enzyme_mimicB1-501-379-01EN379e-ranked_0,284,1401,0.03486288757278654,9.866197183098592,2,19,0.5501338897697308,1,0.03486288757278654,0.06713780918727916,10,4.7830587766883985
enzyme_mimicB1-501-379-01EN379a_B1-501-379-01-enzyme_mimicB1-501-379-01EN379a-ranked_0,284,1342,0.03339471457721595,9.450704225352112,2,16,0.5594092429479751,1,0.03339471457721595,0.05653710247349823,17,5.508087393619668
enzyme_mimicB1-501-379-01EN379i_B1-501-379-01-enzyme_mimicB1-501-379-01EN379i-ranked_0,284,1362,0.03389240033842632,9.591549295774648,2,19,0.550597563111462,1,0.03389240033842632,0.06713780918727916,10,4.873513163788384
enzyme_mimicB1-501-379-01EN379g_B1-501-379-01-enzyme_mimicB1-501-379-01EN379g-ranked_0,284,1386,0.034489623251878765,9.76056338028169,2,18,0.5485242646748452,1,0.034489623251878765,0.0636042402826855,10,4.830985915492958
enzyme_mimicB1-501-379-01EN379h_B1-501-379-01-enzyme_mimicB1-501-379-01EN379h-ranked_0,284,1344,0.033444483153336986,9.464788732394366,2,17,0.5499632547789134,1,0.03344448315333698,0.06007067137809187,11,4.939381874284576
enzyme_mimicB1-501-379-01EN379f_B1-501-379-01-enzyme_mimicB1-501-379-01EN379f-ranked_0,284,1376,0.03424078037127358,9.690140845070422,2,19,0.5518655341857716,1,0.03424078037127358,0.06713780918727916,11,4.784726023988454
enzyme_mimicB1-501-379-01EN379d_B1-501-379-01-enzyme_mimicB1-501-379-01EN379d-ranked_0,284,1324,0.03294679739212661,9.32394366197183,2,19,0.5679921146516769,1,0.032946797392126616,0.06713780918727916,20,6.038570646493803
enzyme_mimicB1-501-379-01EN379b_B1-501-379-01-enzyme_mimicB1-501-379-01EN379b-ranked_0,284,1380,0.03434031752351565,9.71830985915493,2,17,0.5484290869077528,1,0.03434031752351565,0.06007067137809187,11,4.888244662320211
enzyme_mimicB1-501-379-01EN379c_B1-501-379-01-enzyme_mimicB1-501-379-01EN379c-ranked_0,284,1376,0.03424078037127358,9.690140845070422,2,18,0.5603196496268162,1,0.03424078037127357,0.0636042402826855,12,5.009679988055542
