graph_id,num_nodes,num_edges,density,avg_degree,min_degree,max_degree,avg_clustering,num_components,avg_degree_centrality,max_degree_centrality,diameter,avg_shortest_path
enzyme_mimicB1-501-379-04EN379a_B1-501-379-04-enzyme_mimicB1-501-379-04EN379a-ranked_0,284,1389,0.03456427611606032,9.78169014084507,4,16,0.5363964771535193,1,0.03456427611606031,0.05653710247349823,10,4.773727168665705
enzyme_mimicB1-501-379-04EN379h_B1-501-379-04-enzyme_mimicB1-501-379-04EN379h-ranked_0,284,1347,0.03351913601751854,9.485915492957746,2,17,0.5519286211808995,1,0.03351913601751854,0.06007067137809187,11,4.9311700592246055
enzyme_mimicB1-501-379-04EN379c_B1-501-379-04-enzyme_mimicB1-501-379-04EN379c-ranked_0,284,1351,0.03361867316976061,9.514084507042254,2,19,0.5611404080640553,1,0.03361867316976062,0.06713780918727916,13,5.063977504603593
enzyme_mimicB1-501-379-04EN379b_B1-501-379-04-enzyme_mimicB1-501-379-04EN379b-ranked_0,284,1380,0.03434031752351565,9.71830985915493,2,17,0.5437457029990168,1,0.03434031752351566,0.06007067137809187,10,4.807918180460857
enzyme_mimicB1-501-379-04EN379e_B1-501-379-04-enzyme_mimicB1-501-379-04EN379e-ranked_0,284,1385,0.03446473896381824,9.753521126760564,2,19,0.546198819609679,1,0.03446473896381825,0.06713780918727916,11,4.818966804359727
enzyme_mimicB1-501-379-04EN379d_B1-501-379-04-enzyme_mimicB1-501-379-04EN379d-ranked_0,284,1361,0.0338675160503658,9.584507042253522,2,19,0.5523522674097172,1,0.0338675160503658,0.06713780918727916,13,5.039242522271437
enzyme_mimicB1-501-379-04EN379i_B1-501-379-04-enzyme_mimicB1-501-379-04EN379i-ranked_0,284,1358,0.03379286318618424,9.56338028169014,3,19,0.5441776075625226,1,0.03379286318618425,0.06713780918727916,10,4.851789180311552
enzyme_mimicB1-501-379-04EN379f_B1-501-379-04-enzyme_mimicB1-501-379-04EN379f-ranked_0,284,1382,0.03439008609963669,9.732394366197184,2,19,0.5506543395859559,1,0.03439008609963668,0.06713780918727916,11,4.845717414024785
enzyme_mimicB1-501-379-04EN379g_B1-501-379-04-enzyme_mimicB1-501-379-04EN379g-ranked_0,284,1375,0.03421589608321306,9.683098591549296,2,17,0.545947489521433,1,0.03421589608321306,0.06007067137809187,10,4.890907281142686
