graph_id,num_nodes,num_edges,density,avg_degree,min_degree,max_degree,avg_clustering,num_components,avg_degree_centrality,max_degree_centrality,diameter,avg_shortest_path
enzyme_mimicB1-501-379-07EN379a_B1-501-379-07-enzyme_mimicB1-501-379-07EN379a-ranked_0,284,1374,0.03419101179515254,9.67605633802817,2,16,0.544866215552835,1,0.03419101179515254,0.05653710247349823,11,4.881401483103568
enzyme_mimicB1-501-379-07EN379b_B1-501-379-07-enzyme_mimicB1-501-379-07EN379b-ranked_0,284,1393,0.034663813268302396,9.809859154929578,2,17,0.5480634774182824,1,0.03466381326830239,0.06007067137809187,10,4.780296620713681
enzyme_mimicB1-501-379-07EN379d_B1-501-379-07-enzyme_mimicB1-501-379-07EN379d-ranked_0,284,1336,0.03324540884885283,9.408450704225352,2,19,0.5610479437990554,1,0.03324540884885284,0.06713780918727916,18,5.701836460458866
enzyme_mimicB1-501-379-07EN379h_B1-501-379-07-enzyme_mimicB1-501-379-07EN379h-ranked_0,284,1347,0.03351913601751854,9.485915492957746,2,18,0.5452214946519006,1,0.03351913601751854,0.0636042402826855,11,4.912432190315035
enzyme_mimicB1-501-379-07EN379i_B1-501-379-07-enzyme_mimicB1-501-379-07EN379i-ranked_0,284,1352,0.03364355745782113,9.52112676056338,2,19,0.5443911655225594,1,0.03364355745782113,0.06713780918727916,10,4.843652018115762
enzyme_mimicB1-501-379-07EN379f_B1-501-379-07-enzyme_mimicB1-501-379-07EN379f-ranked_0,284,1371,0.03411635893097099,9.654929577464788,2,19,0.5450247028731092,1,0.03411635893097098,0.06713780918727916,10,4.835589508784154
enzyme_mimicB1-501-379-07EN379c_B1-501-379-07-enzyme_mimicB1-501-379-07EN379c-ranked_0,284,1384,0.034439854675757726,9.746478873239436,2,19,0.5538744932277174,1,0.034439854675757726,0.06713780918727916,11,5.005499427661374
enzyme_mimicB1-501-379-07EN379g_B1-501-379-07-enzyme_mimicB1-501-379-07EN379g-ranked_0,284,1376,0.03424078037127358,9.690140845070422,2,18,0.5544550399200358,1,0.03424078037127358,0.0636042402826855,10,4.860025879659583
enzyme_mimicB1-501-379-07EN379e_B1-501-379-07-enzyme_mimicB1-501-379-07EN379e-ranked_0,284,1380,0.03434031752351565,9.71830985915493,2,19,0.5455772189880788,1,0.03434031752351565,0.06713780918727916,10,4.815358582590952
