graph_id,num_nodes,num_edges,density,avg_degree,min_degree,max_degree,avg_clustering,num_components,avg_degree_centrality,max_degree_centrality,diameter,avg_shortest_path
enzyme_mimicB1-501-379-00EN379a_B1-501-379-00-enzyme_mimicB1-501-379-00EN379a-ranked_0,284,1348,0.033544020305579056,9.492957746478874,2,16,0.561690060721751,1,0.033544020305579056,0.05653710247349823,13,5.233364853431543
enzyme_mimicB1-501-379-00EN379f_B1-501-379-00-enzyme_mimicB1-501-379-00EN379f-ranked_0,284,1376,0.03424078037127358,9.690140845070422,2,19,0.5469342431721971,1,0.03424078037127359,0.06713780918727916,11,4.801771761309909
enzyme_mimicB1-501-379-00EN379i_B1-501-379-00-enzyme_mimicB1-501-379-00EN379i-ranked_0,284,1366,0.033991937490668395,9.619718309859154,3,19,0.5512231894413145,1,0.03399193749066839,0.06713780918727916,10,4.845568108296422
enzyme_mimicB1-501-379-00EN379b_B1-501-379-00-enzyme_mimicB1-501-379-00EN379b-ranked_0,284,1382,0.03439008609963669,9.732394366197184,2,16,0.5397632297280183,1,0.03439008609963669,0.05653710247349823,10,4.8220524560792315
enzyme_mimicB1-501-379-00EN379e_B1-501-379-00-enzyme_mimicB1-501-379-00EN379e-ranked_0,284,1339,0.03332006171303439,9.429577464788732,2,19,0.5605743697246659,1,0.033320061713034387,0.06713780918727916,16,5.3461404469218134
enzyme_mimicB1-501-379-00EN379g_B1-501-379-00-enzyme_mimicB1-501-379-00EN379g-ranked_0,284,1364,0.033942168914547356,9.605633802816902,2,18,0.5483270802657713,1,0.033942168914547356,0.0636042402826855,11,4.925297367242323
enzyme_mimicB1-501-379-00EN379c_B1-501-379-00-enzyme_mimicB1-501-379-00EN379c-ranked_0,284,1359,0.033817747474244764,9.570422535211268,2,18,0.5615656942707482,1,0.033817747474244764,0.0636042402826855,14,5.157617080575324
enzyme_mimicB1-501-379-00EN379d_B1-501-379-00-enzyme_mimicB1-501-379-00EN379d-ranked_0,284,1339,0.03332006171303439,9.429577464788732,2,19,0.5654092319631605,1,0.033320061713034387,0.06713780918727916,18,5.764594634947494
enzyme_mimicB1-501-379-00EN379h_B1-501-379-00-enzyme_mimicB1-501-379-00EN379h-ranked_0,284,1352,0.03364355745782113,9.52112676056338,2,17,0.5504349759372542,1,0.03364355745782113,0.06007067137809187,11,4.908774199970138
