graph_id,num_nodes,num_edges,density,avg_degree,min_degree,max_degree,avg_clustering,num_components,avg_degree_centrality,max_degree_centrality,diameter,avg_shortest_path
enzyme_mimicB1-501-379-06EN379d_B1-501-379-06-enzyme_mimicB1-501-379-06EN379d-ranked_0,284,1371,0.03411635893097099,9.654929577464788,2,19,0.5533343545713818,1,0.03411635893097099,0.06713780918727916,11,4.930846563479819
enzyme_mimicB1-501-379-06EN379b_B1-501-379-06-enzyme_mimicB1-501-379-06EN379b-ranked_0,284,1389,0.03456427611606032,9.78169014084507,3,18,0.5456516258297531,1,0.03456427611606031,0.0636042402826855,10,4.81428855820435
enzyme_mimicB1-501-379-06EN379c_B1-501-379-06-enzyme_mimicB1-501-379-06EN379c-ranked_0,284,1403,0.03491265614890758,9.880281690140846,2,19,0.5583417678812417,1,0.03491265614890758,0.06713780918727916,12,4.96976559000647
enzyme_mimicB1-501-379-06EN379e_B1-501-379-06-enzyme_mimicB1-501-379-06EN379e-ranked_0,284,1392,0.03463892898024187,9.80281690140845,2,19,0.5463013676875796,1,0.03463892898024187,0.06713780918727916,10,4.79124570746031
enzyme_mimicB1-501-379-06EN379a_B1-501-379-06-enzyme_mimicB1-501-379-06EN379a-ranked_0,284,1303,0.03242422734285572,9.17605633802817,2,15,0.5721080367207125,1,0.03242422734285572,0.053003533568904596,13,5.627084059125068
enzyme_mimicB1-501-379-06EN379g_B1-501-379-06-enzyme_mimicB1-501-379-06EN379g-ranked_0,284,1382,0.03439008609963669,9.732394366197184,2,18,0.5550512930639276,1,0.03439008609963669,0.0636042402826855,10,4.870974966406211
enzyme_mimicB1-501-379-06EN379f_B1-501-379-06-enzyme_mimicB1-501-379-06EN379f-ranked_0,284,1365,0.03396705320260787,9.612676056338028,2,19,0.5506499230322432,1,0.03396705320260788,0.06713780918727916,10,4.865599960185139
enzyme_mimicB1-501-379-06EN379i_B1-501-379-06-enzyme_mimicB1-501-379-06EN379i-ranked_0,284,1368,0.034041706066789426,9.633802816901408,2,19,0.5531899531158242,1,0.034041706066789426,0.06713780918727916,10,4.8817996317125365
enzyme_mimicB1-501-379-06EN379h_B1-501-379-06-enzyme_mimicB1-501-379-06EN379h-ranked_0,284,1343,0.03341959886527646,9.45774647887324,2,17,0.5484037325327714,1,0.03341959886527646,0.06007067137809187,11,4.927188573134923
