graph_id,num_nodes,num_edges,density,avg_degree,min_degree,max_degree,avg_clustering,num_components,avg_degree_centrality,max_degree_centrality,diameter,avg_shortest_path
enzyme_mimicB1-501-379-05EN379h_B1-501-379-05-enzyme_mimicB1-501-379-05EN379h-ranked_0,284,1343,0.03341959886527646,9.45774647887324,2,17,0.5502678601891527,1,0.03341959886527646,0.06007067137809187,11,4.938237197033793
enzyme_mimicB1-501-379-05EN379i_B1-501-379-05-enzyme_mimicB1-501-379-05EN379i-ranked_0,284,1366,0.033991937490668395,9.619718309859154,2,19,0.5542052523705602,1,0.033991937490668395,0.06713780918727916,10,4.859627731050614
enzyme_mimicB1-501-379-05EN379b_B1-501-379-05-enzyme_mimicB1-501-379-05EN379b-ranked_0,284,1385,0.03446473896381824,9.753521126760564,2,16,0.5439413579378364,1,0.03446473896381824,0.05653710247349823,11,4.818220275717912
enzyme_mimicB1-501-379-05EN379c_B1-501-379-05-enzyme_mimicB1-501-379-05EN379c-ranked_0,284,1395,0.034713581844423434,9.82394366197183,2,19,0.5546344397715782,1,0.034713581844423434,0.06713780918727916,10,4.874931568207834
enzyme_mimicB1-501-379-05EN379f_B1-501-379-05-enzyme_mimicB1-501-379-05EN379f-ranked_0,284,1376,0.03424078037127358,9.690140845070422,2,19,0.5523316688253678,1,0.03424078037127357,0.06713780918727916,11,4.845319265415816
enzyme_mimicB1-501-379-05EN379a_B1-501-379-05-enzyme_mimicB1-501-379-05EN379a-ranked_0,284,1379,0.034315433235455134,9.711267605633802,2,18,0.5444635085065904,1,0.03431543323545514,0.0636042402826855,11,4.888045588015727
enzyme_mimicB1-501-379-05EN379d_B1-501-379-05-enzyme_mimicB1-501-379-05EN379d-ranked_0,284,1342,0.03339471457721595,9.450704225352112,2,19,0.5626263731943861,1,0.03339471457721595,0.06713780918727916,18,5.657144279102175
enzyme_mimicB1-501-379-05EN379g_B1-501-379-05-enzyme_mimicB1-501-379-05EN379g-ranked_0,284,1377,0.034265664659334095,9.69718309859155,2,18,0.5561335763334521,1,0.03426566465933409,0.0636042402826855,11,4.967899268401931
enzyme_mimicB1-501-379-05EN379e_B1-501-379-05-enzyme_mimicB1-501-379-05EN379e-ranked_0,284,1385,0.03446473896381824,9.753521126760564,2,19,0.5492993771116453,1,0.03446473896381824,0.06713780918727916,10,4.80035335689046
