graph_id,num_nodes,num_edges,density,avg_degree,min_degree,max_degree,avg_clustering,num_components,avg_degree_centrality,max_degree_centrality,diameter,avg_shortest_path
enzyme_mimicB1-501-379-03EN379b_B1-501-379-03-enzyme_mimicB1-501-379-03EN379b-ranked_0,284,1389,0.03456427611606032,9.78169014084507,2,16,0.5395414444710219,1,0.03456427611606031,0.05653710247349823,11,4.8153834668790125
enzyme_mimicB1-501-379-03EN379h_B1-501-379-03-enzyme_mimicB1-501-379-03EN379h-ranked_0,284,1347,0.03351913601751854,9.485915492957746,2,17,0.5478090123077695,1,0.03351913601751854,0.06007067137809187,11,4.9202707410540985
enzyme_mimicB1-501-379-03EN379g_B1-501-379-03-enzyme_mimicB1-501-379-03EN379g-ranked_0,284,1366,0.033991937490668395,9.619718309859154,2,18,0.5550684023239949,1,0.033991937490668395,0.0636042402826855,11,4.988055541730951
enzyme_mimicB1-501-379-03EN379d_B1-501-379-03-enzyme_mimicB1-501-379-03EN379d-ranked_0,284,1320,0.03284726023988454,9.295774647887324,2,19,0.5642340866859027,1,0.03284726023988454,0.06713780918727916,19,6.014159159906435
enzyme_mimicB1-501-379-03EN379f_B1-501-379-03-enzyme_mimicB1-501-379-03EN379f-ranked_0,284,1371,0.03411635893097099,9.654929577464788,2,19,0.5463292632538368,1,0.03411635893097098,0.06713780918727916,11,4.86420644005375
enzyme_mimicB1-501-379-03EN379i_B1-501-379-03-enzyme_mimicB1-501-379-03EN379i-ranked_0,284,1360,0.03384263176230528,9.577464788732394,2,18,0.5492001060248783,1,0.033842631762305286,0.0636042402826855,11,4.889936793908326
enzyme_mimicB1-501-379-03EN379e_B1-501-379-03-enzyme_mimicB1-501-379-03EN379e-ranked_0,284,1377,0.034265664659334095,9.69718309859155,2,19,0.544778448118885,1,0.034265664659334095,0.06713780918727916,10,4.83974518489026
enzyme_mimicB1-501-379-03EN379a_B1-501-379-03-enzyme_mimicB1-501-379-03EN379a-ranked_0,284,1371,0.03411635893097099,9.654929577464788,2,16,0.5477003239327181,1,0.03411635893097099,0.05653710247349823,11,4.870004479171851
enzyme_mimicB1-501-379-03EN379c_B1-501-379-03-enzyme_mimicB1-501-379-03EN379c-ranked_0,284,1345,0.0334693674413975,9.471830985915492,2,19,0.559370896894062,1,0.0334693674413975,0.06713780918727916,13,5.041880256805853
